<?xml version="1.0" encoding="UTF-8" standalone="no"?>
<ti:app xmlns:ti="http://ti.appcelerator.org">
    <deployment-targets>
        <target device="mobileweb">true</target>
        <target device="iphone">false</target>
        <target device="ipad">true</target>
        <target device="blackberry">false</target>
        <target device="android">false</target>
    </deployment-targets>
<id>com.LocalStorageDemo.app</id>
<name>Local Storage Demo</name>
<version>1.0</version>
<publisher>alanleard</publisher>
<url>http://appcelerator.com</url>
<description>No description provided</description>
<copyright>2011 by alanleard</copyright>
<icon>default_app_logo.png</icon>
    <persistent-wifi>false</persistent-wifi>
    <prerendered-icon>false</prerendered-icon>
    <statusbar-style>default</statusbar-style>
    <statusbar-hidden>false</statusbar-hidden>
    <fullscreen>false</fullscreen>
    <navbar-hidden>false</navbar-hidden>
    <analytics>true</analytics>
<guid>70cb6058-0910-4ccd-9a38-a0c21850543b</guid>
	<iphone>
		<orientations device="iphone">
			<orientation>Ti.UI.PORTRAIT</orientation>
		</orientations>
		<orientations device="ipad">
			<orientation>Ti.UI.PORTRAIT</orientation>
			<orientation>Ti.UI.UPSIDE_PORTRAIT</orientation>
			<orientation>Ti.UI.LANDSCAPE_LEFT</orientation>
			<orientation>Ti.UI.LANDSCAPE_RIGHT</orientation>
		</orientations>
	</iphone>
	<android xmlns:android="http://schemas.android.com/apk/res/android">
	</android>
	<modules>
	</modules>
</ti:app>
